{
  "run_meta": {
    "timestamp_utc": "2025-06-14T04:05:26Z",
    "budget_seconds": 60,
    "metric": "r2",
    "engines_invoked": [
      "autogluon"
    ],
    "ensemble_enabled": false,
    "total_duration_seconds": 1.552342981000038,
    "data_path": "/home/nate/Desktop/AutoML/DataSets/1/D1-Predictors.csv",
    "target_path": "/home/nate/Desktop/AutoML/DataSets/1/D1-Targets.csv"
  },
  "dataset": {
    "data_path": "DataSets/1/D1-Predictors.csv",
    "target_path": "DataSets/1/D1-Targets.csv",
    "n_rows": 400,
    "n_features": 106,
    "target_name": "D1-Targets"
  },
  "holdout_metrics": {
    "r2": 0.011794775883762543,
    "rmse": 0.002192990555074857,
    "mae": 0.0015981646457389376
  },
  "per_engine_cv_metrics": {
    "tpot_wrapper": {
      "r2_mean": -1.335322538221816,
      "r2_std": 1.201141473480022,
      "rmse_mean": 0.0024942319507702143,
      "rmse_std": 0.00034783325175177375,
      "mae_mean": 0.0017848136944312904,
      "mae_std": 0.00017444283783338277,
      "duration_seconds": 0.5315711959992768
    },
    "autogluon_wrapper": {
      "r2_mean": -1.335322538221816,
      "r2_std": 1.201141473480022,
      "rmse_mean": 0.0024942319507702143,
      "rmse_std": 0.00034783325175177375,
      "mae_mean": 0.0017848136944312904,
      "mae_std": 0.00017444283783338277,
      "duration_seconds": 0.21696109199911007
    }
  },
  "champion_pipeline_info": [
    {
      "step": "LinearRegression",
      "params": {}
    }
  ]
}